Image_ID;Object_ID;Size;Perimeter;Length;Intensity;Coord_X;Coord_Y;Coord_Z
%background:/scratch/users/incardon//session1405430311335//tmp_1.tif
0;0;25.0;41.0;0.0;3806.7110014718833;0.36000001430511475;24.760000228881836;21.479999542236328
0;0;102.0;152.0;0.0;2232.9987879672026;29.3137264251709;22.294116973876953;6.274509906768799
0;0;197.0;244.0;0.0;3599.772384859567;19.543148040771484;36.17766571044922;28.583755493164062
