Image_ID;Object_ID;Size;Perimeter;Length;Intensity;Coord_X;Coord_Y;Coord_Z
%background:/tmp/test//dropletVideoSmall.tif
0;0;47.0;100.0;2.0;2914.477947136287;19.617021560668945;36.51063919067383;7.744680881500244
1;0;298.0;294.0;1.0;561.380422473531;19.953020095825195;30.661073684692383;7.359060287475586
1;0;2.0;10.0;2.0;9895.997386447953;37.0;15.0;3.5
2;0;30.0;72.0;2.0;3420.0672324176376;21.0;28.133333206176758;6.900000095367432
3;0;48.0;96.0;1.0;2098.898567835649;19.58333396911621;33.9375;6.833333492279053
3;0;78.0;102.0;1.0;420.6191406542961;0.8461538553237915;15.64102554321289;5.717948913574219
4;0;96.0;158.0;2.0;1572.3028945408837;17.88541603088379;33.8125;6.25
