Image_ID;Object_ID;Size;Perimeter;Length;Intensity;Coord_X;Coord_Y;Coord_Z
%background:/scratch/users/incardon//session1405430314156//tmp_1.tif
0;0;25.0;60.0;0.0;1936.4897549911104;41.7599983215332;4.079999923706055;35.279998779296875
0;0;101.0;148.0;0.0;1934.9758882028452;39.366336822509766;29.920791625976562;7.8712873458862305
0;0;30.0;46.0;0.0;2229.1291253992185;0.4333333373069763;15.633333206176758;22.33333396911621
0;0;10.0;10.0;0.0;1667.3890595875966;4.800000190734863;52.0;26.299999237060547
0;0;143.0;196.0;0.0;3595.0838054260626;22.356643676757812;31.930070877075195;27.405593872070312
