Image_ID;Object_ID;Size;Perimeter;Length;Intensity;Overlap_with_ch;Coloc_object_size;Coloc_object_intensity;Single_Coloc;Coloc_image_intensity;Coord_X;Coord_Y;Coord_Z
%background:/tmp/test//3 Ctrl1.tif
6;0;40.0;28.0;2.0;103.52874785531664;0.02500000037252903;20.0;68.23200225830078;true;0.0609011627906977;21.325000762939453;25.024999618530273;0.0
6;0;16.0;17.0;5.0;134.19612543697787;0.0;0.0;0.0;true;0.04106104651162791;59.1875;68.25;0.0
6;0;46.0;30.0;3.0;79.05377617202225;0.0;0.0;0.0;true;0.02540444893832155;44.4782600402832;18.60869598388672;0.0
