Image_ID;Object_ID;Size;Perimeter;Length;Intensity;Overlap_with_ch;Coloc_object_size;Coloc_object_intensity;Single_Coloc;Coloc_image_intensity;Coord_X;Coord_Y;Coord_Z
%background:/tmp/test//4 OA4.tif
11;0;96.0;54.0;8.0;188.29084001437568;0.019999999552965164;1.0;332.2770080566406;false;0.03981164383561644;26.94791603088379;21.64583396911621;0.0
11;0;30.0;24.0;3.0;151.2318489645788;0.0;0.0;0.0;true;0.0;30.899999618530273;10.199999809265137;0.0
11;0;4.0;4.0;4.0;125.68213729992193;0.0;0.0;0.0;true;0.003424657534246575;41.5;0.0;0.0
11;0;3.0;3.0;3.0;71.96558534306318;0.0;0.0;0.0;true;0.0;24.0;45.0;0.0
11;0;27.0;24.0;7.0;16.434975953313526;0.0;0.0;0.0;true;0.0;3.8518519401550293;29.55555534362793;0.0
11;0;3.0;8.0;1.0;0.7749111809470041;0.0;0.0;0.0;true;0.0;30.33333396911621;28.33333396911621;0.0
