Image_ID;Object_ID;Size;Perimeter;Length;Intensity;Coord_X;Coord_Y;Coord_Z
%background:/scratch/users/incardon//session1405430309510//tmp_1.tif
0;0;46.0;98.0;0.0;1602.5574232753734;41.434783935546875;7.956521511077881;35.34782791137695
0;0;32.0;50.0;0.0;2504.2861831413898;0.40625;14.875;21.46875
0;0;135.0;182.0;0.0;1698.297373977566;39.0;27.214815139770508;6.940740585327148
0;0;195.0;244.0;0.0;2884.268191880414;19.676923751831055;33.03589630126953;26.133333206176758
