Image_ID;Object_ID;Size;Perimeter;Length;Intensity;Coord_X;Coord_Y;Coord_Z
%background:/scratch/users/incardon//session1404832953138//tmp_1.tif
0;0;27.0;62.0;0.0;2147.7699542467317;10.481481552124023;13.851851463317871;29.77777862548828
0;0;49.0;104.0;0.0;3025.840702227061;33.79591751098633;21.714284896850586;6.306122303009033
0;0;156.0;220.0;0.0;3341.341877511988;15.307692527770996;32.19230651855469;26.564102172851562
