Image_ID;Object_ID;Size;Perimeter;Length;Intensity;Coord_X;Coord_Y;Coord_Z
%background:/scratch/users/incardon//session1405430318806//tmp_1.tif
0;0;66.0;114.0;0.0;2334.434440480015;32.75757598876953;22.68181800842285;6.636363506317139
0;0;207.0;246.0;0.0;2760.785710113234;16.507246017456055;30.072463989257812;25.256038665771484
