Image_ID;Object_ID;Size;Perimeter;Length;Intensity;Coord_X;Coord_Y;Coord_Z
%background:/scratch/users/incardon//session1405430301981//tmp_1.tif
0;0;14.0;22.0;0.0;1654.6473681346602;0.2857142984867096;48.85714340209961;22.5
0;0;25.0;43.0;0.0;1529.9933166403835;0.3199999928474426;13.4399995803833;22.200000762939453
0;0;95.0;152.0;0.0;2161.1336902501544;36.56842041015625;30.010526657104492;9.021052360534668
0;0;31.0;64.0;0.0;1486.362151180571;37.90322494506836;48.90322494506836;23.54838752746582
0;0;135.0;184.0;0.0;3688.990256344448;21.38518524169922;28.711111068725586;26.948148727416992
