FileName;Frame;Channel;Id;X;Y;Z;Size;Perimeter;Length;Intensity
%background:/tmp/test//moImg.tif
moImg.tif;0;0;1;18.8786678314209;13.987854957580566;0.0;230.60899353027344;148.5;63.125;282.73981044554864
moImg.tif;0;0;2;30.63157081604004;36.368316650390625;0.0;140.88999938964844;96.0;39.25;277.52524805092213
moImg.tif;0;1;1;18.793968200683594;13.745390892028809;0.0;235.60899353027344;148.5;60.625;282.1927028937688
moImg.tif;0;1;2;30.60780906677246;36.27165222167969;0.0;145.31199645996094;94.0;37.875;276.39775066999937
