Image_ID;Object_ID;Size;Perimeter;Length;Intensity;Coord_X;Coord_Y;Coord_Z
%background:/tmp/test//droplet_5.tif
0;0;88.0;146.0;0.0;2325.954701935094;36.5;29.909090042114258;9.215909004211426
0;0;174.0;228.0;0.0;3290.7897191778143;21.189655303955078;28.83333396911621;26.867816925048828
