Image_ID;Object_ID;Size;Perimeter;Length;Intensity;Coord_X;Coord_Y;Coord_Z
%background:/tmp/test//droplet_5.tif
0;0;157.0;206.0;0.0;3429.3081065792517;21.235668182373047;28.84713363647461;27.044586181640625
0;0;76.0;134.0;0.0;2539.8939331046276;36.6315803527832;29.9342098236084;9.355262756347656
0;0;7.0;13.0;0.0;2635.5972084145023;0.2857142984867096;49.28571319580078;22.714284896850586
0;0;14.0;24.0;0.0;1735.1997424726787;0.3571428656578064;14.5;22.785715103149414
