Image_ID;Object_ID;Size;Perimeter;Length;Intensity;Coord_X;Coord_Y;Coord_Z
%background:/tmp/test//droplet_5.tif
0;0;18.0;28.0;0.0;1541.0471054649058;0.3333333432674408;48.66666793823242;22.5
0;0;24.0;50.0;0.0;1664.6744681161051;0.8333333134651184;13.541666984558105;21.875
0;0;109.0;158.0;0.0;2210.6989712188097;36.33027648925781;29.990825653076172;8.95412826538086
0;0;47.0;102.0;0.0;1479.2630019848991;38.34042739868164;48.36170196533203;22.82978630065918
0;0;21.0;35.0;0.0;1489.509606463456;49.52381134033203;4.904761791229248;36.52381134033203
0;0;172.0;230.0;0.0;3452.4080062762473;21.244186401367188;28.70930290222168;27.127906799316406
0;0;125.0;160.0;0.0;725.4633480465495;49.007999420166016;7.880000114440918;25.327999114990234
0;0;10.0;10.0;0.0;582.997969378275;50.0;19.700000762939453;24.399999618530273
